source,title,company,job_id,location,description
Jobaaj,Data Analyst Fresher Hiring New Batch,ELITE IT Solutions,eyJqb2JfdGl0bGUiOiJEYXRhIEFuYWx5c3QgRnJlc2hlciBIaXJpbmcgTmV3IEJhdGNoIiwiY29tcGFueV9uYW1lIjoiRUxJVEUgSVQgU29sdXRpb25zIiwiYWRkcmVzc19jaXR5IjoiTXlzdXJ1LCBLYXJuYXRha2EsIEluZGlhIiwiaHRpZG9jaWQiOiJwVGUzS0NEdUNCejhLQjVzQUFBQUFBPT0iLCJobCI6ImVuIn0=,"Mysuru, Karnataka, India","The Data Analyst
Administrator will be responsible for accurate and efficient data entry
analysis
documentation
reporting
and administration tasks
This role requires attention to detail
excellent reporting skills
analytical skills
and the ability to work with datasets
Knowledge of SAP processes is considered a plus
ResponsibilitiesPerform data entry and documentation tasks with a high level of accuracy and efficiency
Analyze data sets to identify trends
patterns
and insights
Prepare detailed documentation of data analysis processes
findings
and recommendations
Generate reports based on analyzed data for internal stakeholders
Collaborate with team members to optimize data management processes and workflows
Provide support for ad hoc data analysis and reporting requests
Assist in the documentation of SAP processes
QualificationsAny Graduate can apply
0
1 years of experience in data entry
analysis
and reporting roles
Proficiency in Microsoft Excel
including functions such as VLOOKUP
PivotTables
and data validation
Strong analytical and problem
solving skills with the ability to interpret complex data sets
Excellent organizational and time management skills with the ability to prioritize tasks effectively
Experience with SAP or other ERP systems is a plus
Strong written and verbal communication skills
Adaptability and willingness to learn new tools and technologies as required
Skills
data
skills
documentation
reporting
sap
data analysis
management
plus
analytical skills
excel
power bi
python
sql"
CareerTechPlus,S&P Global is hiring for data analyst freshers & exp | Apply now!!!,S&P Global,eyJqb2JfdGl0bGUiOiJTXHUwMDI2UCBHbG9iYWwgaXMgaGlyaW5nIGZvciBkYXRhIGFuYWx5c3QgZnJlc2hlcnMgXHUwMDI2IGV4cCB8IEFwcGx5IG5vdyEhISIsImNvbXBhbnlfbmFtZSI6IlNcdTAwMjZQIEdsb2JhbCIsImFkZHJlc3NfY2l0eSI6Ikh5ZGVyYWJhZCwgVGVsYW5nYW5hLCBJbmRpYSIsImh0aWRvY2lkIjoiMVFfWV9aWENpVVd6TUdad0FBQUFBQT09IiwiaGwiOiJlbiJ9,"Hyderabad, Telangana, India",S&P Global is hiring for data analyst freshers & exp | Apply now!!!
Placement India,Data Analyst - Part Time - Freshers,TELUS Digital,eyJqb2JfdGl0bGUiOiJEYXRhIEFuYWx5c3QgLSBQYXJ0IFRpbWUgLSBGcmVzaGVycyIsImNvbXBhbnlfbmFtZSI6IlRFTFVTIERpZ2l0YWwiLCJhZGRyZXNzX2NpdHkiOiJLb2xrYXRhLCBXZXN0IEJlbmdhbCwgSW5kaWEiLCJodGlkb2NpZCI6ImVROEFOTU83T19hNXVTMTBBQUFBQUE9PSIsImhsIjoiZW4ifQ==,Anywhere,"are you detail-oriented with a knack for research and a strong grasp of national and local geography? join us as an online data analyst a freelance, part-time role you can do from home and on your own schedule.role overview:as an online data analyst, youll contribute to improving the content and quality of digital maps used by millions worldwide. tasks involve online research, data verification, comparison, and relevance assessments through a web-based platform.why join us:be part of telus digitals global ai community over 1 million contributors who support the development of better ai models for major global brands.requirements: full professional proficiency in english and bengali resident of india for the past 2 consecutive years familiar with indian current and historical events (business, media, sports, etc.) able to follow guidelines and perform research using search engines, maps, and websites comfortable handling diverse tasks (maps, news, audio, relevance) daily access to a broadband internet connection and computerassessment:no prior professional experience is required. to qualify, youll complete an open-book assessment and id verification. well provide all necessary guidelines and materials. work is subject to ongoing quality checks.
• Experience

Fresher
• No. of Openings

100
• Education

Higher Secondary
• Role

Online Data Analyst
• Industry Type

IT-Hardware & Networking / IT-Software / Software Services
• Gender

[ Male / Female ]
• Job Country

India
• Type of Job

Part Time
• Work Location Type

Work from Home"
Jobaaj,Data Analyst Data Scientist Required Fresher,SA,eyJqb2JfdGl0bGUiOiJEYXRhIEFuYWx5c3QgRGF0YSBTY2llbnRpc3QgUmVxdWlyZWQgRnJlc2hlciIsImNvbXBhbnlfbmFtZSI6IlNBIiwiYWRkcmVzc19jaXR5IjoiSW5kaWEiLCJodGlkb2NpZCI6ImRma1lQVHZ2VjFYbnVCX2dBQUFBQUE9PSIsImhsIjoiZW4ifQ==,India,"Job DescriptionData Analysis
Perform data analysis tasks to extract valuable insights from large datasets stored in Azure Data Lake Storage
Azure SQL Database
and other Azure data repositoriesData Visualization
Create interactive and informative data visualizations using tools like Power BI to present data findings to stakeholdersReport Development
Design and develop data reports and dashboards to track key performance indicators
KPIs
and provide actionable insightsData Transformation
Implement data transformation and data cleansing processes to ensure data accuracy and consistencyData Queries
Write SQL queries and use Azure Data Factory
Azure Databricks
or other relevant tools to retrieve and manipulate dataData Integration
Collaborate with data engineers to integrate data from various sources into Azure data solutionsPerformance Optimization
Monitor and optimize data queries and report performance for efficiencyData Governance
Ensure data governance and security policies are followed when accessing and analyzing dataDocumentation
Maintain documentation of data analysis processes
data models
and report specificationsCollaboration
Work closely with cross
functional teams
including data scientists
business analysts
and stakeholders
to understand data requirements and deliver insightsAny Graduate fresher can apply
Skills
sas
python
data modelling
data analysis
big data technologies
r
data visualization
data architecture
azure databricks
data storytelling
data mining
data cleaning
data quality
spss
azure data factory
statistics
data wrangling
data transformation
cloud computing
performance optimization
collaboration
documentation
data warehousing
data management
business intelligence
report development
data integration
sql
tableau
data governance
data ethics
excel
power bi
machine learning"
The Elite Job,Data Entry Analysis Fresher (Part-time/Remote),The Elite Job,eyJqb2JfdGl0bGUiOiJEYXRhIEVudHJ5IEFuYWx5c2lzIEZyZXNoZXIgKFBhcnQtdGltZS9SZW1vdGUpIiwiY29tcGFueV9uYW1lIjoiVGhlIEVsaXRlIEpvYiIsImFkZHJlc3NfY2l0eSI6IkluZGlhIiwiaHRpZG9jaWQiOiJ1MnU3V1Q0cEp5ODY2dnUtQUFBQUFBPT0iLCJobCI6ImVuIn0=,Anywhere,"Job Summary

The Elite Job is seeking a motivated and detail-oriented Data Entry Analysis Fresher to join our dynamic team. This part-time, remote position is ideal for individuals looking to kickstart their careers in data analysis and management. As a Data Entry Analyst, you will play a crucial role in ensuring the accuracy and integrity of our data, contributing to impactful decision-making processes within the organization.
Key Responsibilities
• * Accurately input and manage data into various databases and systems.
• * Review and verify data for discrepancies or errors, ensuring high-quality data entry.
• * Assist in data analysis by generating reports and summarizing findings.
• * Collaborate with team members to streamline data collection and entry processes.
• * Maintain confidentiality and security of sensitive information.
• * Participate in training sessions and workshops to enhance data management skills.
• * Support additional administrative tasks as required.
• Required Skills and Qualifications
• * Proficient in Microsoft Office Suite (Excel, Word, PowerPoint).
• * Familiarity with data entry software and tools is a plus.
• * Strong attention to detail and organizational skills.
• * Excellent communication skills, both written and verbal.
• * Ability to work independently and manage time effectively.
• * Basic understanding of data analysis concepts is advantageous but not mandatory.
• Experience
• * No prior experience required; recent graduates and those looking to enter the field of data entry and analysis are encouraged to apply.
• * Experience in any administrative or data entry role, even if informal, will be considered a plus.
• Working Hours
• * This is a part-time position with flexible working hours.
• * Expectation to commit approximately 15-20 hours per week, with the ability to choose your schedule.
• Knowledge, Skills, and Abilities
• * Strong analytical and problem-solving skills.
• * Ability to learn new software and systems quickly.
• * Comfort with remote work and self-motivation to meet deadlines.
• * A team-oriented mindset with the ability to work collaboratively.
• Benefits
• * Competitive hourly wage.
• * Flexible working hours to support work-life balance.
• * Opportunities for professional development and skill enhancement.
• * Access to online training resources and workshops.
• * A supportive and inclusive work environment.
• Why Join

At The Elite Job, we value fresh perspectives and innovative ideas. Joining our team offers you the opportunity to gain hands-on experience in data management and analysis while working remotely in a supportive environment. We are committed to your growth and development, providing you with the tools and resources you need to succeed in your career.
How to Apply

If you are interested in this exciting opportunity, please submit your resume and a brief cover letter outlining your interest in the position to us. We look forward to reviewing your application and potentially welcoming you to our team!"
Internshala,Associate Data Scientist - Fresher,Softsensor.ai,eyJqb2JfdGl0bGUiOiJBc3NvY2lhdGUgRGF0YSBTY2llbnRpc3QgLSBGcmVzaGVyIiwiY29tcGFueV9uYW1lIjoiU29mdHNlbnNvci5haSIsImFkZHJlc3NfY2l0eSI6IkphaXB1ciwgUmFqYXN0aGFuLCBJbmRpYSIsImh0aWRvY2lkIjoiVHE3aExMdFVJWWMya1BydUFBQUFBQT09IiwiaGwiOiJlbiJ9,"Jaipur, Rajasthan, India","About the job:
Key responsibilities:

1. Utilize data analysis tools and software to extract meaningful insights from raw data.

2. Collaborate with data engineers to design and implement databases, data collection systems, and analytical frameworks for optimized statistical efficiency and quality.

3. Identify, analyze, and interpret complex data trends and patterns.

4. Develop and implement data collection strategies to improve data quality and statistical efficiency.

5. Clean and refine data by reviewing system reports, printouts, and performance indicators to identify and correct inconsistencies.

6. Create and present insightful reports to various business stakeholders.

7. Apply predictive modeling techniques to enhance customer experience, revenue growth, and other business objectives.

8. Work closely with management to prioritize business and data-driven information needs.

Who can apply:

Only those candidates can apply who:

Salary:
₹ 5,00,000 - 6,00,000 /year

Experience:
0 year(s)

Deadline:
2025-09-18 23:59:59

Other perks:
5 days a week

Skills required:
Python, SQL, Data Analytics, Machine Learning, Data Science, Natural Language Processing (NLP), Deep Learning and Artificial intelligence

Other Requirements:

1. Bachelor's degree in Statistics, Computer Science, Information Systems, or a related field.

2. Proven experience as a Data Scientist, Data Analyst, or Business Data Analyst.

3. Expertise in data modeling, database design, data mining, and segmentation techniques.

4. Strong knowledge of and experience with reporting tools (e.g., Business Objects), databases (SQL, etc.), programming languages (XML, JavaScript, ETL frameworks), and data visualization tools (Power BI, Tableau).

5. Proficiency in statistical analysis tools (Excel, SPSS, SAS) for dataset analysis.

6. Experience working with cloud platforms such as Azure and AWS.

7. Strong Python programming skills, including experience with data analytics libraries.

8. Excellent analytical, problem-solving, and attention-to-detail skills.

9. Ability to communicate and present complex data in a clear and understandable manner.

About Company:
Softsensor.ai is a USA and India-based corporation focused on delivering outcomes to clients using data. Our expertise lies in a collection of people, methods, and accelerators to rapidly deploy solutions for our clients. Our principals have significant experience with leading global consulting firms & corporations and delivering large-scale solutions. We are focused on data science and analytics for improving the process and organizational performance. We are working on cutting-edge data science technologies like NLP, CNN, and RNN and applying them in the business context."
The Elite Job,Hiring Fresher Data Analyst Trainee,The Elite Job,eyJqb2JfdGl0bGUiOiJIaXJpbmcgRnJlc2hlciBEYXRhIEFuYWx5c3QgVHJhaW5lZSIsImNvbXBhbnlfbmFtZSI6IlRoZSBFbGl0ZSBKb2IiLCJhZGRyZXNzX2NpdHkiOiJJbmRpYSIsImh0aWRvY2lkIjoiWTBLOTNNOHVLXzRlUnRjVUFBQUFBQT09IiwiaGwiOiJlbiJ9,Anywhere,"Job Summary

The Elite Job is seeking a motivated and detail-oriented Fresher Data Analyst Trainee to join our dynamic team. In this entry-level position, you will gain hands-on experience in data analysis, interpretation, and visualization while supporting various departments in making data-driven decisions. You will play a crucial role in helping the company harness the power of data to drive strategic initiatives and enhance operational efficiency.
Key Responsibilities
• * Assist in collecting, processing, and analyzing large datasets from various sources.
• * Develop and maintain reports and dashboards to visualize key performance indicators (KPIs).
• * Collaborate with team members to identify data trends, patterns, and anomalies.
• * Support data cleaning and transformation processes to ensure data integrity and accuracy.
• * Participate in team meetings to present findings and contribute to data-driven discussions.
• * Assist in creating documentation and presentations for stakeholder communications.
• * Stay updated with industry trends and tools to enhance data analysis capabilities.
• Required Skills and Qualifications
• * Bachelors degree in Data Science, Mathematics, Statistics, Computer Science, or a related field.
• * Basic knowledge of data analysis tools such as Excel, SQL, or Python.
• * Familiarity with data visualization tools (e.g., Tableau, Power BI) is a plus.
• * Strong analytical and problem-solving skills with attention to detail.
• * Excellent communication skills, both verbal and written.
• * Ability to work collaboratively in a team environment.
• * A proactive attitude and willingness to learn.
• Experience
• * This is an entry-level position; no prior experience is required.
• * Internships or academic projects related to data analysis are a plus.
• Working Hours
• * Full-time position: 9:00 AM - 5:00 PM, Monday to Friday.
• Knowledge, Skills, and Abilities
• * Strong numerical and analytical aptitude.
• * Basic understanding of statistics and data analysis principles.
• * Ability to manage multiple tasks and meet deadlines.
• * Adaptability and openness to learning new tools and technologies.
• * Strong organizational skills and attention to detail.
• Benefits
• * Competitive salary and performance-based incentives.
• * Comprehensive training and mentorship program.
• * Opportunities for career growth and advancement within the company.
• * Health and wellness benefits.
• * Paid time off and holidays.
• * A collaborative and supportive work environment.
• Why Join The Elite Job?

At The Elite Job, we believe in investing in our employees and fostering a culture of continuous learning and development. As a Fresher Data Analyst Trainee, you will have the opportunity to work alongside experienced professionals, gain valuable insights into the data analytics field, and contribute to impactful projects. Join us to kickstart your career in data analysis and make a difference in a fast-paced, innovative environment.
How to Apply

If you are passionate about data and eager to begin your career in analytics, we would love to hear from you! Please submit your resume and a cover letter outlining your interest in the position to us."
Jobrapido.com,Data Analyst || Freshers & Experienced (LWC077),Tycon Trading private,eyJqb2JfdGl0bGUiOiJEYXRhIEFuYWx5c3QgfHwgRnJlc2hlcnMgXHUwMDI2IEV4cGVyaWVuY2VkIChMV0MwNzcpIiwiY29tcGFueV9uYW1lIjoiVHljb24gVHJhZGluZyBwcml2YXRlIiwiYWRkcmVzc19jaXR5IjoiVmFkb2RhcmEsIEd1amFyYXQsIEluZGlhIiwiaHRpZG9jaWQiOiJfMk1WSUx4ZkxzTWlMYXBUQUFBQUFBPT0iLCJobCI6ImVuIn0=,"Vadodara, Gujarat, India","Data Analyst - Resume, Aadhaar card, Pan Card

- Experience

0 - 1 Years

- No. of Openings

20

- Education

Higher Secondary, Secondary School, B.A, B.Arch, B.C.A, B.B.A, B.Com, B.Ed, BDS, BAMS

- Role

Data Analyst

- Industry Type

Government / Public Services

- Gender

[ Male / Female ]

- Job Country

India

- Type of Job

Other

- Work Location Type

Work from Office

- Face interview location

Phonix Complex 430 4th Floor Sayanjigunj Vadodara

Required Skill Profession

Life, Physical, And Social Science Technicians"
Jobaaj,Junior Data Analyst Fresher PythonPower BI,Technofactorx AI,eyJqb2JfdGl0bGUiOiJKdW5pb3IgRGF0YSBBbmFseXN0IEZyZXNoZXIgUHl0aG9uUG93ZXIgQkkiLCJjb21wYW55X25hbWUiOiJUZWNobm9mYWN0b3J4IEFJIiwiYWRkcmVzc19jaXR5IjoiQmFyZWlsbHksIFV0dGFyIFByYWRlc2gsIEluZGlhIiwiaHRpZG9jaWQiOiJ3Q1RwX2d6WkNuN3U1UkVSQUFBQUFBPT0iLCJobCI6ImVuIn0=,"Bareilly, Uttar Pradesh, India","Data Collection And AnalysisCollect
clean
and analyze large datasets to extract meaningful insights
Identify trends
patterns
and correlations in the data to support business objectives
Utilize statistical methods and data visualization techniques to present findings effectively
Tableau DevelopmentDesign and develop interactive Tableau dashboards and reports for various business units
Collaborate with stakeholders to understand their reporting requirements and translate them into Tableau visualizations
Maintain and update existing Tableau dashboards to ensure accuracy and relevance
Data IntegrationWork with different data sources
databases
and APIs to integrate and consolidate data for analysis
Ensure data quality and accuracy throughout the integration process
Report GenerationGenerate regular and ad
hoc reports for key stakeholders to support strategic decision
making
Automate report generation processes to improve efficiency and accuracy
CollaborationCollaborate with cross
functional teams
including business analysts
data engineers
and IT professionals
to understand data requirements and deliver solutions
Communicate effectively with both technical and non
technical stakeholders
Continuous ImprovementStay updated on industry best practices
emerging tools
and technologies related to data analysis and visualization
Identify opportunities for process improvements and implement solutions to enhance data analysis capabilities
RequirementsBachelors degree in a relevant field
e
g

Statistics
Computer Science
Business Analytics

Proven experience as a Data Analyst with a strong focus on Tableau
X years of experience

Solid understanding of data analysis techniques
statistical methods
and data visualization principles
Proficiency in SQL for data querying and manipulation
Strong problem
solving and critical
thinking skills
Excellent communication and presentation skills
Ability to work independently and collaboratively in a fast
paced environment
Familiarity with other BI tools and programming languages is a plus
Preferred QualificationsTableau Desktop and Server certification
Experience in building and maintaining data pipelines
Familiarity with data warehousing concepts and tools
Knowledge of data governance and security best practices
Skills
data
tableau
data analysis
visualization
dashboards
data visualization
integration
skills
power bi
python
sql
excel"
Jobaaj,Junior Data Analyst Navi Mumbai Vashi,RWA,eyJqb2JfdGl0bGUiOiJKdW5pb3IgRGF0YSBBbmFseXN0IE5hdmkgTXVtYmFpIFZhc2hpIiwiY29tcGFueV9uYW1lIjoiUldBIiwiYWRkcmVzc19jaXR5IjoiTmF2aSBNdW1iYWksIE1haGFyYXNodHJhLCBJbmRpYSIsImh0aWRvY2lkIjoieEpQb1plRDA1U1h3Qk1NZkFBQUFBQT09IiwiaGwiOiJlbiJ9,"Navi Mumbai, Maharashtra, India","We have an exciting opportunity for a data enthusiast with the largest auto media company in India
Role
Jr Data Analyst Location
Vashi
Navi Mumbai About CarWaleCarWales mission is to bring delight in car buying
we offer a bouquet of reliable tools and services to help car consumers decide on buying the right car
at the right price and from the right partner
CarWale has always strived to serve car buyers and owners in the most comprehensive and convenient way possible
We provide a platform where car buyers and owners can research
buy
sell and come together to discuss and talk about their cars
We aim to empower Indian consumers to make informed car buying and ownership decisions with exhaustive and un
biased information on cars through our expert reviews
owner reviews
detailed specifications and comparisons
We understand that a car is by and large the second
most expensive asset a consumer associates his lifestyle with
Together with CarTrade
BikeWale
we are the market leaders in the personal mobility media spaceAbout the Team We are a bunch of enthusiastic analysts assisting all business functions with their data needs
We deal with huge but diverse datasets to find relationships
patterns and meaningful insights
Our goal is to help drive growth across the organization by creating data driven culture
How you will contributeWe are looking for an enthusiastic teammate who is ready to tackle complex data queries

fetching the data
cleaning it and deriving meaningful insights for the stakeholders
Someone who think of the big picture and suggest improvements
We need someone who likes to be

Jack of all trades

and loves cars
bikes
Skills
RequirementsProblem solver

Demonstrate structured thinking and analytical skillsReady to take ownershipProficient in SQL

should be able to write complex queriesUnderstanding of BI tools like Qlikview
PowerBI etc
Knowledge of Google Analytics
Firebase
good to have but not mandatory
Basic knowledge of R
Python would be beneficialExcellent written and oral communication skills Desired Qualifications
BE
B Tech with good academic backgroundDesired Qualification
BE
B Tech with good academic background
Batch 2022 or 2023
Interested candidates are requested to share their updated resume on mansi
gele
carwale
com"
Turing,Remote SQL Data Analyst Jobs,Turing.com,eyJqb2JfdGl0bGUiOiJSZW1vdGUgU1FMIERhdGEgQW5hbHlzdCBKb2JzIiwiY29tcGFueV9uYW1lIjoiVHVyaW5nLmNvbSIsImFkZHJlc3NfY2l0eSI6IlBhbG8gQWx0bywgQ0EiLCJodGlkb2NpZCI6IlBKa1liYWoyRlhkaXIzVnZBQUFBQUE9PSIsImhsIjoiZW4ifQ==,Anywhere,"About Turing.com:

Turing’s mission is to unleash the world’s untapped human potential. We use AI to source, evaluate, hire, onboard, and manage engineers remotely (including the HR and compliance aspects) in a bigger platform that we call the “Talent Cloud”.

We recently achieved unicorn status with a valuation of $1.1B, after raising over $140M in financing over four rounds of funding. 1000+ companies including companies like Johnson & Johnson, Pepsi, Dell, Disney +, have hired Turing developers.

About the role:

We're seeking Python developers passionate about web development and proficient in LLMs to create highly scalable, customer-centric, and efficient web applications.

Job responsibilities:

- Collaborate on LLM training projects, utilizing SQL for data analysis and manipulation.
- Optimize LLMs to improve efficiency and accuracy, contributing to the development of highly scalable and customer-centric applications.
- Stay abreast of the latest advancements in LLM technology and integrate them into development processes.
- Implement Python solutions that leverage LLMs for natural language understanding and generation.
- Continuously fine-tune and optimize LLMs, troubleshooting and resolving any issues that arise.

Job requirements:

- Bachelor's/Master's degree in computer science or equivalent experience.
- 1+ years of professional software development experience.
- Proficiency in Python programming for developing and optimizing LLM-based solutions.
- Hands-on experience with machine learning libraries such as TensorFlow, PyTorch, or Hugging Face Transformers.
- Understanding of Natural Language Processing (NLP) concepts and ability to work with Large Language Models.
- Analytical and problem-solving skills, particularly in troubleshooting and optimizing LLM implementations.
- Effective communication skills in English to collaborate with engineering managers and team members.
- Ability to work full-time (40 hours/week) with a 4-hour overlap with U.S. time zones."
Comeet,Data Analyst - East Coast,DarioHealth,eyJqb2JfdGl0bGUiOiJEYXRhIEFuYWx5c3QgLSBFYXN0IENvYXN0IiwiY29tcGFueV9uYW1lIjoiRGFyaW9IZWFsdGgiLCJodGlkb2NpZCI6IldicUNxcTJyYTlSZTlSdmtBQUFBQUE9PSIsImhsIjoiZW4ifQ==,Anywhere,"Description

At Dario, Every Day is a New Opportunity to Make a Difference.

﻿We are on a mission to make better health easy. Every day our employees contribute to this mission and help hundreds of thousands of people around the globe improve their health. How cool is that? We are looking for passionate, smart, and collaborative people who have a desire to do something meaningful and impactful in their career.

We’re looking for a talented Data Analyst who will help move the needle for the entire company by doing high-quality work in terms of answering tough questions, improving our decision-making, and surfacing insights we didn’t know before.

The perfect candidate will provide data-driven insights and recommendations to drive strategic decisions across business and product, become the focal point for all related data matters in the organization, See beyond numbers and help to inform, influence, support, and execute our decisions and strategy.

Responsibilities:
• Create real value from data and communicate it to the various stakeholders; Work closely with Marketing, Product etc.
• Analyze internal and external data sources to reach actionable recommendations for business decisions.
• Design and create BI ETL’s, reports, and dashboards that will provide insights about the product and business performance.
• Design and develop data visualization (Tableau)

Requirements
• 2–3 years of experience as a BI Analyst, Product Analyst, Business Analyst, or Data Analyst. Experience in the health industry is a strong advantage.
• Bachelor’s degree (BA/BS) is required; a degree in Economics or Business Administration is preferred.
• Proficient in SQL
• Expert at Data Visualizations (preferably Tableau)
• Great at communicating results of the analysis in simple business language
• Team player, effective interpersonal skills, and good vibes. Manage relationships with key partners across different functions.

Advantages:
• Experience working in the Health industry
• Statistical knowledge and experience using statistics to analyze datasets
• Coding/scripting experience with Python
• **DarioHealth promotes diversity of thought, culture and background, which connects the entire Dario team. We believe that every member on our team enriches our diversity by exposing us to a broad range of ways to understand and engage with the world, identify challenges, and to discover, design and deliver solutions. We are passionate about building and sustaining an inclusive and equitable working and learning environments for all people, and do not discriminate against any employee or job candidate.​***"
The Elite Job,Data Entry Analysis Fresher (Part-time/Remote),The Elite Job,eyJqb2JfdGl0bGUiOiJEYXRhIEVudHJ5IEFuYWx5c2lzIEZyZXNoZXIgKFBhcnQtdGltZS9SZW1vdGUpIiwiY29tcGFueV9uYW1lIjoiVGhlIEVsaXRlIEpvYiIsImFkZHJlc3NfY2l0eSI6IkluZGlhIiwiaHRpZG9jaWQiOiJ1MnU3V1Q0cEp5ODY2dnUtQUFBQUFBPT0iLCJobCI6ImVuIn0=,Anywhere,"Job Summary

The Elite Job is seeking a motivated and detail-oriented Data Entry Analysis Fresher to join our dynamic team. This part-time, remote position is ideal for individuals looking to kickstart their careers in data analysis and management. As a Data Entry Analyst, you will play a crucial role in ensuring the accuracy and integrity of our data, contributing to impactful decision-making processes within the organization.
Key Responsibilities
• * Accurately input and manage data into various databases and systems.
• * Review and verify data for discrepancies or errors, ensuring high-quality data entry.
• * Assist in data analysis by generating reports and summarizing findings.
• * Collaborate with team members to streamline data collection and entry processes.
• * Maintain confidentiality and security of sensitive information.
• * Participate in training sessions and workshops to enhance data management skills.
• * Support additional administrative tasks as required.
• Required Skills and Qualifications
• * Proficient in Microsoft Office Suite (Excel, Word, PowerPoint).
• * Familiarity with data entry software and tools is a plus.
• * Strong attention to detail and organizational skills.
• * Excellent communication skills, both written and verbal.
• * Ability to work independently and manage time effectively.
• * Basic understanding of data analysis concepts is advantageous but not mandatory.
• Experience
• * No prior experience required; recent graduates and those looking to enter the field of data entry and analysis are encouraged to apply.
• * Experience in any administrative or data entry role, even if informal, will be considered a plus.
• Working Hours
• * This is a part-time position with flexible working hours.
• * Expectation to commit approximately 15-20 hours per week, with the ability to choose your schedule.
• Knowledge, Skills, and Abilities
• * Strong analytical and problem-solving skills.
• * Ability to learn new software and systems quickly.
• * Comfort with remote work and self-motivation to meet deadlines.
• * A team-oriented mindset with the ability to work collaboratively.
• Benefits
• * Competitive hourly wage.
• * Flexible working hours to support work-life balance.
• * Opportunities for professional development and skill enhancement.
• * Access to online training resources and workshops.
• * A supportive and inclusive work environment.
• Why Join

At The Elite Job, we value fresh perspectives and innovative ideas. Joining our team offers you the opportunity to gain hands-on experience in data management and analysis while working remotely in a supportive environment. We are committed to your growth and development, providing you with the tools and resources you need to succeed in your career.
How to Apply

If you are interested in this exciting opportunity, please submit your resume and a brief cover letter outlining your interest in the position to us. We look forward to reviewing your application and potentially welcoming you to our team!"
The Elite Job,Remote Data Analyst (Fresher Friendly with Excel Skills),The Elite Job,eyJqb2JfdGl0bGUiOiJSZW1vdGUgRGF0YSBBbmFseXN0IChGcmVzaGVyIEZyaWVuZGx5IHdpdGggRXhjZWwgU2tpbGxzKSIsImNvbXBhbnlfbmFtZSI6IlRoZSBFbGl0ZSBKb2IiLCJhZGRyZXNzX2NpdHkiOiJJbmRpYSIsImh0aWRvY2lkIjoiSENhRUNEamxWOTJlNDB2SkFBQUFBQT09IiwiaGwiOiJlbiJ9,Anywhere,"Job Summary

The Elite Job is seeking a motivated and detail-oriented Remote Data Analyst to join our growing team. This is an excellent opportunity for freshers or entry-level professionals with a strong interest in data analysis and proficiency in Excel. In this role, you will support data-driven decision-making by collecting, cleaning, interpreting, and visualizing data across a variety of business functions. You will gain valuable hands-on experience in real-world business analytics in a flexible, remote environment.
Key Responsibilities
• *

Gather and structure data from internal and external sources using Excel and other tools
• *

Clean and validate data to ensure accuracy, consistency, and completeness
• *

Analyze datasets to extract meaningful insights and identify patterns or trends
• *

Create and maintain dashboards, reports, and visualizations for stakeholders
• *

Support business teams with ad-hoc data requests and routine reporting
• *

Assist in automating manual data processes to improve efficiency
• *

Document procedures, workflows, and analysis logic for transparency
• *

Collaborate remotely with cross-functional teams including marketing, sales, and operations
• Required Skills and Qualifications
• *

Proficiency in Microsoft Excel, including functions like VLOOKUP, PivotTables, IF statements, and data validation
• *

Basic understanding of data structures and data types
• *

Excellent numerical and analytical skills
• *

Good communication skills for remote collaboration
• *

Ability to follow structured processes and pay attention to detail
• *

Willingness to learn new tools and technologies
• *

Bachelors degree in any discipline (preferably Commerce, Business, Economics, Statistics, or Computer Science)
• Experience
• *

Freshers are welcome – no prior professional experience required
• *

Internship or academic project experience with Excel or data analysis tools will be a plus
• Working Hours
• *

Flexible shifts (morning/evening options available)
• *

Minimum 4 hours/day for part-time roles
• *

Full-time roles require 6–8 hours/day
• *

Monday to Friday (Weekends Off)
• *

Remote, work-from-home setup
• Knowledge, Skills, and Abilities
• *

Familiarity with Excel tools such as charts, conditional formatting, and data filters
• *

Basic knowledge of data visualization platforms (Google Sheets, Tableau, or Power BI is a plus)
• *

Self-motivated with strong time-management skills
• *

Ability to work independently and meet deadlines
• *

Willingness to take initiative and suggest improvements in data processes
• *

Comfortable working in a remote team environment using communication tools like Zoom, Slack, or Google Meet
• Benefits
• *

100% Remote – Work from anywhere
• *

Flexible work hours
• *

Entry-level friendly – perfect for recent graduates and freshers
• *

Opportunity to learn and grow within the data analytics space
• *

Certification and recommendation letter upon successful completion (for interns or probationary roles)
• *

Mentorship and training support
• *

Weekly payouts for part-time roles (if applicable)
• *

Performance-based bonuses
• Why Join The Elite Job?

At The Elite Job, we believe in empowering individuals to build meaningful careers from the comfort of their homes. Whether you are just starting out or looking to transition into data analytics, we offer a supportive environment, hands-on training, and flexible working options tailored to modern professionals. Join us and be part of a digital-first workforce that is shaping the future of work.
How to Apply

Interested candidates can apply by sending their updated resume along with a brief introduction to us
Please include Application – Remote Data Analyst (Fresher) in the subject line.
Shortlisted candidates will be contacted for an online assessment and virtual interview."
ZipRecruiter,Data Analyst Optum Bank - Remote,UnitedHealth Group,eyJqb2JfdGl0bGUiOiJEYXRhIEFuYWx5c3QgT3B0dW0gQmFuayAtIFJlbW90ZSIsImNvbXBhbnlfbmFtZSI6IlVuaXRlZEhlYWx0aCBHcm91cCIsImFkZHJlc3NfY2l0eSI6IkRyYXBlciwgVVQiLCJodGlkb2NpZCI6ImExblZILWcteklReWt5ZG9BQUFBQUE9PSIsImhsIjoiZW4ifQ==,Anywhere,"Optum is a global organization that delivers care, aided by technology to help millions of people live healthier lives. The work you do with our team will directly improve health outcomes by connecting people with the care, pharmacy benefits, data and resources they need to feel their best. Here, you will find a culture guided by inclusion, talented peers, comprehensive benefits and career development opportunities. Come make an impact on the communities we serve as you help us advance health optimization on a global scale. Join us to start Caring. Connecting. Growing together.

Optum Bank is a leading provider of health savings accounts and other financial services. We are committed to helping our clients achieve their financial goals through innovative solutions and exceptional service.

We are seeking a highly skilled and motivated Data Analyst 2 to join our team. This remote position involves heavy data reporting and presenting key findings to clients and leadership. The ideal candidate will have Solid analytical skills and experience with SQL, Excel, and Power BI.

You'll enjoy the flexibility to work remotely * from anywhere within the U.S. as you take on some tough challenges.

Primary Responsibilities:
• Perform complex data analysis and reporting using SQL, Databricks, and Power BI
• Develop and maintain dashboards and visualizations to support business decision-making
• Present key findings and insights to clients and leadership
• Collaborate with cross-functional teams to understand data needs and deliver actionable insights
• Ensure data accuracy and integrity in all reporting activities

You'll be rewarded and recognized for your performance in an environment that will challenge you and give you clear direction on what it takes to succeed in your role as well as provide development for other roles you may be interested in.

Required Qualifications:
• 2+ years of data analytics experience
• 2+ years of credit/financial reporting
• Experience with Python for data analysis and automation
• Knowledge of Power BI for creating interactive dashboards and reports
• Proficiency in SQL for data querying and manipulation
• Advanced skills in MS Excel, MS Office product suite, and other technology tools

Preferred Qualifications:
• Azure Cosmos DB experience
• Experience in the Financial Services industry such as banking, credit companies
• Experience combining data from different systems into one report
• Project management or process improvement experience
• Proven programming skills for developing custom solutions
• Proven excellent communication and presentation skills
• Proven ability to travel occasionally, no more than once per quarter
• Proven advanced analytical skills
• All employees working remotely will be required to adhere to UnitedHealth Group's Telecommuter Policy.

Pay is based on several factors including but not limited to local labor markets, education, work experience, certifications, etc. In addition to your salary, we offer benefits such as, a comprehensive benefits package, incentive and recognition programs, equity stock purchase and 401k contribution (all benefits are subject to eligibility requirements). No matter where or when you begin a career with us, you'll find a far-reaching choice of benefits and incentives. The salary for this role will range from $71,200 to $127,200 annually based on full-time employment. We comply with all minimum wage laws as applicable.

Application Deadline: This will be posted for a minimum of 2 business days or until a sufficient candidate pool has been collected. Job posting may come down early due to volume of applicants.

At UnitedHealth Group, our mission is to help people live healthier lives and make the health system work better for everyone. We believe everyone-of every race, gender, sexuality, age, location and income-deserves the opportunity to live their healthiest life. Today, however, there are still far too many barriers to good health which are disproportionately experienced by people of color, historically marginalized groups and those with lower incomes. We are committed to mitigating our impact on the environment and enabling and delivering equitable care that addresses health disparities and improves health outcomes - an enterprise priority reflected in our mission.

UnitedHealth Group is an Equal Employment Opportunity employer under applicable law and qualified applicants will receive consideration for employment without regard to race, national origin, religion, age, color, sex, sexual orientation, gender identity, disability, or protected veteran status, or any other characteristic protected by local, state, or federal laws, rules, or regulations.

UnitedHealth Group is a drug - free workplace. Candidates are required to pass a drug test before beginning employment."
Indeed,Junior Data Analyst,Utilisave,eyJqb2JfdGl0bGUiOiJKdW5pb3IgRGF0YSBBbmFseXN0IiwiY29tcGFueV9uYW1lIjoiVXRpbGlzYXZlIiwiYWRkcmVzc19jaXR5IjoiUmVtb3RlLCBPUiIsImh0aWRvY2lkIjoib0NselItRU51V3hpTlBiMUFBQUFBQT09IiwiaGwiOiJlbiJ9,Anywhere,"Small Team, Huge Impact

We are a small family, but we encourage initiatives to uncover new business opportunities.

Innovation Is Key

We create a culture of innovation. We promote openness, transparency, and collaboration.

Customer Centric

Our efforts are always focused towards delivering value to our customers.

Professional Development

We provide introduction to the industry, offer complete training and continuous support.

Recognition

We acknowledge the efforts of our employees and offer bonuses and commission plans.

Benefits

We offer a competitive salary, excellent health, dental and vision benefits and also a 401K plan.

UtiliSave is seeking qualified candidates for Junior Data Analyst position. This is a business critical hands-on role and the ideal candidate will have a record of success in a role focused on gathering data, cost analysis, analyzing complicated laws and regulations, and identifying cases, opportunities and solutions. This position interfaces directly with customers, so strong communication, presentation and client management skills are also essential. Previous familiarity with utility regulations, rates and billing is a must.

Job Type: Full-Time

Location: Remote, US only

Salary: $40,000 – $45,000

Responsibilities
• Apply your analytical skills and general business knowledge to identify cost savings opportunities for clients.
• Use UtiliSave’s proprietary software applications, conduct financial, utility and business analysis of clients’ operations, and initiate action to obtain cost savings for clients.
• Interface with clients, utility companies, tax authorities, regulatory authorities and government agencies to obtain appropriate information to successfully implement savings opportunities.
• Match details in complex utility tariff codes against our clients’ usage and practices to identify new savings.
• Collaborate with our IT group in implementing tools to improve our clients’ accounts review process.

Requirements
• Working knowledge of one or more programming skills: R, Python, SQL.
• The ability to grasp and explain technical and legal concepts and business issues.
• Preferred: 1-2 years of experience in a relevant auditing or analyst role.
• Preferred: previous experience working with or for a regulated public utility, especially dealing with rate billing analysis and customer interaction.
• Preferred: college degree in business, finance, mathematics, or other related field.

Benefits
• 401(k) matching
• Dental insurance
• Health insurance
• Life insurance
• Vision insurance
• Paid time off
• Paid sick leave
• Paid holidays
• Professional development assistance

Apply via email to [email protected]. Please include a resume and optional cover letter."
The BIG Jobsite,Entry Level Data Analyst Opportunities for Freshers,BigDataKB.com,eyJqb2JfdGl0bGUiOiJFbnRyeSBMZXZlbCBEYXRhIEFuYWx5c3QgT3Bwb3J0dW5pdGllcyBmb3IgRnJlc2hlcnMiLCJjb21wYW55X25hbWUiOiJCaWdEYXRhS0IuY29tIiwiYWRkcmVzc19jaXR5IjoiTGl0aXR6LCBQQSIsImh0aWRvY2lkIjoiZnZhWVlpTmRTeTQ5QTU4M0FBQUFBQT09IiwiaGwiOiJlbiJ9,Anywhere,"We are excited to present a range of entry-level Data Analyst positions tailored for freshers looking to start their career in data analytics. Below you will find a list of the latest remote job openings specifically for entry-level data analysts. Explore the details by clicking the '+' icon next to each position to learn more about the job description, required skills, company information, and application links.
Here are some of the exciting opportunities available:
ZenCorp Techno Solutions (ZCTS) | Data Analyst Trainee | Application Deadline: 8/2/2024
Clarivate | Associate Data Analyst | Application Deadline: 8/2/2024
Xylem Learning App | Data Analyst Trainee | Application Deadline: 2024-07-31
Freedom Property Investors | Junior Data Analyst | Application Deadline: 2024-07-28
FuelBuddy | Data Analyst Trainee | Location: Gurugram (Sector 18, Gurugram) | Application Deadline: 2024-07-23
Don't miss your chance to launch your career as a Data Analyst. Apply today!"
Jobgether,Entry Data/Reseach Analyst (Remote),SynergisticIT,eyJqb2JfdGl0bGUiOiJFbnRyeSBEYXRhL1Jlc2VhY2ggQW5hbHlzdCAoUmVtb3RlKSIsImNvbXBhbnlfbmFtZSI6IlN5bmVyZ2lzdGljSVQiLCJhZGRyZXNzX2NpdHkiOiJGcmVtb250LCBDQSIsImh0aWRvY2lkIjoiVkJsMnlsOEk1NHptTVp4NEFBQUFBQT09IiwiaGwiOiJlbiJ9,Anywhere,"This a Full Remote job, the offer is available from: Washington (USA)

SYNERGISTICIT is aware that the Job Market is Challenging because of Tech Layoffs due to which The Job market is flooded with hundreds and thousands of laid off Jobseekers who are competing with existing Jobseekers. For entry level Job seekers to get client interviews and jobs they need to differentiate themselves by ensuring they have exceptional skills and technologies to be noticed by clients.

Since 2010 we have helped Jobseekers differentiate themselves by providing the clients with candidates who have the requisite skills and experience to outperform at interviews and clients. Here at SynergisticIT We just don't focus on getting you a Job we make careers. All Positions are open for all visas and US citizens

We at SynergisticIT understand the problem of the mismatch between employer's requirements and Employee skills and that's why since 2010 we have helped thousands of candidates get jobs at technology clients like apple, google, PayPal, western union, Client, visa, Walmart labs etc. to name a few. We have an excellent reputation with the clients. Currently, We are looking for entry-level software programmers, Java Full stack developers, Python/Java developers, Data analysts/ Data Scientists, Machine Learning engineers.

Who Should Apply Recent Computer science/Engineering /Mathematics/Statistics or Science Graduates looking to make their careers in IT Industry We welcome candidates with all visas and citizens to apply. We assist in filing for STEM extension and also for H1b and Green card filing to Candidates

Candidates can benefit from skill enhancement if they fall into the categories below:

Candidates who Lack Experience or are freshers with No actual on Job experience with projects with clients Have had a break in careers Lack Technical Competency or skills being demanded by clients Different visa candidates (Like OPT/H4EAD/L2EAD ) who want to get employed and settle down in the USA please check the below links to see success outcomes of our candidates https://www.synergisticit.com/candidate-outcomes/

Synergisticit Pics /Salaries of Successful Candidates

Synergisticit at Oracle Cloudworld 2023

Synergisticit at Gartner Data & Analytics summit

Why do Tech Companies not Hire recent Computer Science Graduates | SynergisticIT

Technical Skills or Experience? | Which one is important to get a Job? | SynergisticIT

REQUIRED SKILLS For Java /Software Programmers

· Bachelor's degree or Master's degree in Computer Science, Computer Engineering, Electrical Engineering, Information Systems, IT

· Highly motivated, self-learner, and technically inquisitive

· Experience in programming language Java and understanding of the software development life cycle

· Project work on the skills

· Knowledge of Core Java, JavaScript, C++ or software programming

· Spring boot, Microservices, Docker, Jenkins and REST API's experience

· Excellent written and verbal communication skills

For data Science/Machine learning

REQUIRED SKILLS

· Bachelor's degree or Master's Degree in Computer Science, Computer Engineering, Electrical Engineering, Information Systems, IT

· Project work on the technologies needed

· Highly motivated, self-learner, and technically inquisitive

· Experience in programming language Java and understanding of the software development life cycle

· Knowledge of Statistics, SAS, Python, Computer Vision, data visualization tools

· Excellent written and verbal communication skills

Preferred skills: NLP, Text mining, Tableau, PowerBI, Time series analysis

Please understand skills and relevant experience on real world projects are required by clients for selection even if its Junior or entry level position the additional skills and Project work with hands on experience building projects at client site are the only way a candidate can be picked by clients. If not having the skills or hands on project work at client site then candidates can opt for skill enhancement to gain the required skills and project work. No third party candidates or c2c candidates

Please only apply to the posting.

No phone calls please. Shortlisted candidates would be reached out.

This offer from ""SynergisticIT"" has been enriched by Jobgether.com and got a 72% flex score."
The Elite Job,Data Entry Analyst (Typist)   Remote,The Elite Job,eyJqb2JfdGl0bGUiOiJEYXRhIEVudHJ5IEFuYWx5c3QgKFR5cGlzdCkgICBSZW1vdGUiLCJjb21wYW55X25hbWUiOiJUaGUgRWxpdGUgSm9iIiwiYWRkcmVzc19jaXR5IjoiVW5pdGVkIEtpbmdkb20iLCJodGlkb2NpZCI6InBQVmxpUWhrTk1ncDNnUEhBQUFBQUE9PSIsImhsIjoiZW4ifQ==,Anywhere,"Job Summary:

The Elite Job is seeking a meticulous and highly organized Data Entry Analyst (Typist) to join our dynamic team on a remote basis. In this role, you will be responsible for inputting, updating, and maintaining data across various platforms to support our operational and strategic goals. The ideal candidate will have exceptional typing skills, a keen eye for detail, and the ability to work independently while adhering to deadlines.

Key Responsibilities:
• * Accurately enter data from various sources into our databases and systems.
• * Review and verify data for completeness and correctness, ensuring high standards of data quality.
• * Perform routine data audits to identify and rectify inconsistencies or errors.
• * Maintain and update data records in compliance with company policies and data protection regulations.
• * Generate and provide reports as required to support departmental and organizational objectives.
• * Collaborate with team members and other departments to address data-related issues and provide solutions.
• * Manage time efficiently to handle multiple data entry tasks and meet deadlines.
• * Assist with other administrative tasks as needed, including document preparation and file management.
• Required Skills and Qualifications:
• * Exceptional typing speed and accuracy with a focus on detail.
• * Proficiency in data entry software and Microsoft Office Suite (Excel, Word, etc.).
• * Strong organizational skills and ability to manage multiple tasks simultaneously.
• * Excellent written and verbal communication skills.
• * Ability to work independently with minimal supervision.
• * Strong problem-solving skills and a proactive approach to identifying and addressing issues.
• Experience:
• * Previous experience in a data entry or administrative role is preferred.
• * Familiarity with data management systems and software.
• * Experience working remotely and managing time effectively in a virtual environment.
• Working Hours:
• * This is a full-time remote position.
• * Standard working hours are Monday to Friday, 9:00 AM to 5:00 PM (local time of the employee), with flexibility based on project needs.
• Knowledge, Skills, and Abilities:
• * Knowledge of data entry best practices and data management techniques.
• * Ability to handle sensitive information with confidentiality and integrity.
• * Strong analytical skills with attention to detail and accuracy.
• * Capacity to adapt to new technologies and tools as needed.
• * Effective interpersonal skills to communicate with team members and other stakeholders.
• Benefits:
• * Competitive salary and performance-based bonuses.
• * Flexible remote working arrangements.
• * Comprehensive health, dental, and vision insurance plans.
• * Retirement savings plan with company match.
• * Paid time off and holidays.
• * Professional development opportunities and career growth potential.
• * Access to a supportive and collaborative team environment.
• Why Join Us:

At The Elite Job, we pride ourselves on creating a positive and inclusive work environment where employees are valued and encouraged to excel. As a Data Entry Analyst (Typist) with us, you will have the opportunity to work remotely while being part of a forward-thinking company that values innovation and integrity. Join us to be a part of a team dedicated to excellence and growth.

How to Apply:

Interested candidates should submit their resume and a cover letter outlining their relevant experience and skills to us. Please include Data Entry Analyst (Typist)   Remote Application in the subject line. Applications will be reviewed on a rolling basis, and only shortlisted candidates will be contacted for an interview."
Naukri Mitra,Remote Python Data Analyst,Naukri Mitra,eyJqb2JfdGl0bGUiOiJSZW1vdGUgUHl0aG9uIERhdGEgQW5hbHlzdCIsImNvbXBhbnlfbmFtZSI6Ik5hdWtyaSBNaXRyYSIsImh0aWRvY2lkIjoiMTV6QWRrem96T1lCMVRrRkFBQUFBQT09IiwiaGwiOiJlbiJ9,Anywhere,"We are seeking a Remote Python Data Analyst to analyze complex datasets, build predictive models, and develop data pipelines using Python libraries such as Pandas, NumPy, and Scikit-learn. In this role, you will work closely with stakeholders to tailor data solutions, create compelling visualizations with tools like Matplotlib and Tableau, and ensure data accuracy and integrity. The ideal candidate will have expertise in Python programming, strong SQL skills, and experience with cloud platforms like AWS or Google Cloud. This position offers an annual salary of $138,000, flexible remote work, and ample opportunities for professional development."
